author,year,journal,id,pubmed,scopus,date_extract,population,country,exc_smoke,exc_copd,n_pat,clinical_relevence,clinical_redundance,vselect_coll,vselect_multico,clinical_easy,clinical_previous,vselect_pca,vselect_fa,miss_cc,miss_pat,miss_impute,miss_var,miss_none,ft_pca,n_feat,n_cat_feat,n_cont_feat,data_type,scale_z,scale_01,scale_unspec,ut_log,prox_euc_ex,prox_euc_ass,prox_gower,cluster_ward,cluster_kmean,cluster_spss,cluster_kmedoid,k_dend,k_bic,k_previous,k_interp,k_max,k_mpc,k_silhouette,k_stat,n_k,rep_sep,rep_select,rep_method,rep_initial,rep_var,rep_time,stab_random,stab_loo,stab_boot,stab_tt,class,vselect_supervised,vselect_mca,miss_handle,ft_factor,ft_mca,encode_bin,scale_aad,scale_centre,scale_gower,scale_z_one,scale_unit,ut_box,ut_unclear,prox_ll_exp,prox_ll_ass,prox_spearman,prox_tree,k_wards,cluster_kmean_ward,cluster_fuzzypam,cluster_hier,cluster_hier_ave,cluster_mmlmkkc,cluster_pre_hier,cluster_spec,cluster_unclear,details_k_max,details_k_mpc,details_k_stat,details_k_stat_n,k_scree,k_unclear,rep_software,stab_unclear,details_report_stab
agache,2010,the physician and sportsmedicine,1,yes,yes,43619,adults with asthma and seasonal allergic rhinitis,not detailed,no,na,57,NA,NA,NA,NA,NA,yes,NA,NA,NA,NA,NA,NA,NA,NA,NA,NA,NA,unclear,NA,NA,NA,NA,NA,yes,NA,NA,yes,NA,NA,NA,NA,NA,NA,NA,NA,yes,NA,3,NA,NA,NA,NA,NA,NA,NA,NA,NA,NA,na,NA,NA,NA,NA,NA,NA,NA,NA,NA,NA,NA,NA,NA,NA,NA,NA,NA,NA,NA,NA,NA,NA,NA,NA,NA,NA,NA,NA,NA,NA,NA,NA,NA,NA,NA
agache,2016,allergy: european journal of allergy and clinical immunology,2,yes,yes,43615,adults with asthma,not detailed,no,na,64,NA,NA,NA,NA,NA,NA,NA,NA,NA,NA,yes,NA,NA,yes,14,0,14,continuous,yes,NA,NA,NA,NA,NA,NA,NA,NA,NA,NA,yes,NA,NA,NA,NA,NA,NA,NA,5,NA,NA,NA,NA,NA,NA,NA,NA,NA,NA,na,NA,NA,NA,NA,NA,NA,NA,NA,NA,NA,NA,NA,NA,NA,NA,yes,NA,NA,NA,NA,yes,NA,NA,NA,NA,NA,NA,NA,NA,NA,NA,NA,NA,NA,NA
amelink,2013,allergy: european journal of allergy and clinical immunology,3,yes,yes,43615,adult-onset asthma,netherlands,no,yes,200,yes,NA,NA,NA,NA,NA,NA,yes,NA,NA,yes,NA,NA,NA,11,6,5,mixed,NA,NA,NA,yes,NA,yes,NA,NA,yes,NA,NA,yes,NA,NA,NA,NA,yes,NA,NA,3,NA,NA,NA,NA,NA,NA,NA,yes,NA,NA,na,NA,NA,NA,NA,NA,NA,NA,NA,NA,NA,NA,NA,NA,NA,NA,NA,NA,yes,NA,NA,NA,NA,NA,NA,NA,NA,NA,two clusters merged (containing 6 and 12 samples),NA,NA,NA,NA,NA,NA,yes
amore,2013,behavioral medicine,4,yes,no,43619,adults with asthma,italy,no,yes,104,NA,NA,NA,yes,NA,NA,NA,NA,yes,NA,NA,NA,NA,NA,4,0,4,continuous,NA,NA,NA,NA,yes,NA,NA,NA,NA,NA,NA,NA,NA,NA,NA,NA,NA,NA,NA,2,NA,NA,yes,NA,NA,NA,NA,NA,NA,NA,na,NA,NA,NA,NA,NA,NA,NA,NA,NA,yes,NA,NA,NA,NA,NA,NA,NA,NA,NA,NA,NA,yes,NA,NA,NA,NA,NA,NA,NA,NA,NA,NA,NA,NA,NA
baptist,2018,journal of allergy and clinical immunology: in practice,5,yes,yes,43619,older adults with asthma,usa,yes,yes,180,NA,NA,NA,NA,NA,NA,NA,NA,NA,NA,NA,yes,NA,NA,24,9,15,mixed,NA,NA,NA,NA,NA,yes,NA,yes,NA,NA,NA,NA,NA,NA,NA,NA,NA,NA,yes,4,NA,NA,NA,NA,NA,NA,NA,NA,NA,NA,decision tree,NA,NA,NA,NA,NA,yes,NA,NA,NA,NA,NA,NA,NA,NA,NA,NA,NA,NA,NA,NA,NA,NA,NA,NA,NA,NA,NA,NA,pseudo f statistic,1,NA,NA,NA,NA,NA
benton,2010,journal of asthma,6,yes,yes,43615,children with asthma,usa,na,na,154,yes,yes,NA,NA,yes,yes,yes,NA,NA,NA,NA,NA,NA,NA,7,1,6,mixed,yes,NA,NA,yes,NA,yes,NA,NA,yes,NA,NA,NA,NA,NA,NA,NA,yes,NA,NA,3,NA,NA,NA,NA,NA,NA,yes,NA,NA,NA,na,NA,NA,NA,NA,NA,yes,NA,NA,NA,NA,NA,NA,NA,NA,NA,NA,NA,yes,NA,NA,NA,NA,NA,NA,NA,NA,NA,one cluster containing only 6 individuals omitted from further analysis,NA,NA,NA,NA,NA,NA,NA
bourdin,2014,journal of allergy and clinical immunology,7,yes,yes,43615,adults with severe asthma,france,no,na,112,NA,NA,NA,NA,NA,yes,NA,NA,NA,NA,NA,NA,NA,NA,NA,NA,NA,mixed,NA,NA,NA,NA,NA,yes,NA,yes,NA,NA,NA,NA,NA,yes,NA,NA,NA,NA,NA,4,NA,NA,NA,NA,NA,NA,NA,NA,NA,NA,decision tree,NA,NA,NA,NA,NA,NA,NA,NA,NA,NA,NA,NA,NA,NA,NA,NA,NA,NA,NA,NA,NA,NA,NA,NA,NA,NA,NA,NA,NA,NA,NA,NA,NA,NA,NA
cabral,2017,jornal brasiliero de pneumologia,8,yes,yes,43615,children with asthma,brazil,yes,na,289,yes,NA,NA,yes,NA,yes,NA,NA,yes,NA,NA,NA,NA,NA,20,15,5,mixed,NA,NA,NA,NA,NA,NA,NA,NA,NA,yes,NA,NA,yes,NA,NA,NA,NA,NA,NA,3,NA,NA,NA,NA,NA,NA,NA,NA,NA,NA,linear discriminant analysis,NA,NA,NA,NA,NA,NA,NA,NA,NA,NA,NA,NA,NA,yes,NA,NA,NA,NA,NA,NA,NA,NA,NA,NA,NA,NA,NA,NA,NA,NA,NA,NA,NA,NA,NA
deliu,2018,clinical and experimental allergy,9,yes,yes,43615,children with asthma,turkey,na,na,613,yes,NA,NA,NA,NA,yes,NA,NA,NA,NA,NA,NA,yes,NA,4,2,2,mixed,yes,NA,NA,NA,yes,NA,NA,yes,NA,NA,NA,NA,NA,NA,yes,NA,NA,NA,NA,5,NA,NA,yes,NA,yes,NA,NA,NA,yes,NA,na,NA,NA,NA,NA,NA,yes,NA,NA,NA,NA,NA,NA,NA,NA,NA,NA,NA,NA,NA,NA,NA,NA,NA,NA,NA,NA,NA,NA,NA,NA,NA,NA,NA,NA,yes
ding,2018,bmc medical genomics,10,yes,yes,43619,children with asthma,usa,na,na,813,NA,NA,yes,NA,NA,NA,NA,NA,NA,NA,NA,yes,NA,NA,18,6,12,mixed,NA,NA,NA,yes,NA,NA,yes,yes,NA,NA,NA,NA,NA,NA,NA,NA,NA,NA,yes,3,yes,NA,NA,NA,NA,NA,NA,NA,NA,NA,decision tree,NA,NA,NA,NA,NA,NA,NA,NA,yes,NA,NA,NA,NA,NA,NA,NA,NA,NA,NA,NA,NA,NA,NA,NA,NA,NA,NA,NA,consensus between pseudo f and pseudo t-squared statistics,2,NA,NA,NA,NA,yes
fitzpatrick,2011,journal of allergy and clinical immunology,11,yes,yes,43615,children with difficult asthma,usa,yes,na,161,NA,NA,NA,NA,NA,NA,NA,NA,yes,NA,NA,NA,NA,NA,12,9,3,mixed,NA,NA,NA,NA,NA,yes,NA,yes,NA,NA,NA,yes,NA,NA,NA,NA,NA,NA,NA,4,NA,NA,NA,NA,NA,NA,NA,NA,NA,NA,linear discriminant analysis,NA,NA,NA,NA,NA,NA,NA,NA,NA,NA,NA,NA,NA,NA,NA,NA,NA,NA,NA,NA,NA,NA,NA,NA,NA,NA,NA,NA,NA,NA,NA,NA,NA,NA,NA
gomez,2017,european respiratory journal,12,yes,yes,43615,adults with asthma,usa,na,na,156,NA,NA,NA,NA,NA,yes,NA,NA,yes,NA,NA,NA,NA,NA,12,2,10,mixed,NA,NA,NA,NA,NA,yes,NA,yes,NA,NA,NA,NA,NA,NA,NA,NA,NA,NA,yes,4,yes,NA,NA,NA,NA,NA,NA,NA,NA,NA,decision tree,NA,NA,NA,NA,NA,NA,NA,NA,NA,NA,NA,NA,NA,NA,NA,NA,NA,NA,NA,NA,NA,NA,NA,NA,NA,NA,NA,NA,c-index,1,NA,NA,NA,NA,yes
gupta,2010,thorax,13,yes,yes,43619,adults with severe asthma,uk,no,na,99,NA,NA,NA,NA,NA,yes,NA,yes,NA,NA,NA,NA,NA,NA,NA,NA,NA,unclear,NA,NA,NA,NA,NA,yes,NA,NA,yes,NA,NA,NA,NA,NA,NA,NA,NA,NA,NA,4,NA,NA,NA,NA,NA,NA,NA,NA,NA,NA,na,NA,NA,NA,NA,NA,NA,NA,NA,NA,NA,NA,NA,NA,NA,NA,NA,NA,yes,NA,NA,NA,NA,NA,NA,NA,NA,NA,NA,NA,NA,NA,NA,NA,NA,NA
haldar,2008,american journal of respiratory and critical care medicine,14,yes,yes,43608,adults with refractory asthma,uk,yes,na,187,yes,NA,NA,NA,NA,NA,yes,NA,NA,NA,NA,NA,NA,NA,6,2,4,mixed,yes,NA,NA,yes,NA,yes,NA,NA,yes,NA,NA,yes,NA,NA,NA,NA,NA,NA,NA,4,NA,yes,NA,yes,NA,NA,NA,NA,NA,NA,linear discriminant analysis,NA,NA,NA,NA,NA,yes,NA,NA,NA,NA,NA,NA,NA,NA,NA,NA,NA,yes,NA,NA,NA,NA,NA,NA,NA,NA,NA,NA,NA,NA,NA,NA,yes,NA,NA
howrylak,2014,journal of allergy and clinical immunology,15,yes,yes,43615,children with mild-moderate asthma,usa,na,yes,1041,yes,NA,yes,NA,NA,NA,NA,NA,NA,NA,yes,yes,NA,NA,18,4,14,mixed,NA,NA,NA,yes,NA,yes,NA,NA,NA,NA,NA,NA,NA,NA,NA,yes,NA,NA,yes,5,NA,yes,yes,NA,yes,yes,NA,NA,NA,NA,na,NA,NA,NA,NA,NA,yes,NA,NA,NA,NA,yes,NA,NA,NA,NA,NA,NA,NA,NA,NA,NA,NA,NA,NA,yes,NA,8,NA,gap statistic,1,NA,NA,NA,NA,yes
hsiao,2019,journal of allergy and clinical immunology: in practice,16,yes,yes,43619,adults with asthma,taiwan,no,yes,421,yes,yes,NA,NA,NA,NA,NA,yes,NA,yes,yes,yes,NA,NA,8,NA,8,continuous,NA,NA,NA,yes,yes,NA,NA,NA,yes,NA,NA,yes,NA,NA,NA,NA,NA,NA,NA,3,NA,yes,NA,NA,NA,NA,NA,NA,NA,NA,stepwise discriminant analysis,NA,NA,NA,NA,NA,NA,NA,NA,NA,NA,NA,NA,NA,NA,NA,NA,NA,yes,NA,NA,NA,NA,NA,NA,NA,NA,NA,NA,NA,NA,NA,NA,NA,NA,yes
ilmarinen,2017,journal of allergy and clinical immunology: in practice,17,yes,yes,43615,adult-onset asthma (white),finland,no,no,171,NA,NA,NA,NA,NA,NA,NA,yes,yes,NA,NA,NA,NA,NA,17,4,13,mixed,yes,NA,NA,yes,NA,yes,NA,NA,yes,NA,NA,NA,NA,NA,NA,NA,NA,NA,NA,5,NA,NA,NA,NA,NA,NA,NA,yes,NA,NA,stepwise discriminant analysis,NA,NA,NA,NA,NA,yes,NA,NA,NA,NA,NA,NA,NA,NA,NA,NA,NA,yes,NA,NA,NA,NA,NA,NA,NA,NA,NA,NA,NA,NA,NA,NA,NA,NA,yes
jang,2013,lung,18,yes,yes,43615,adults with refractory asthma,korea,no,na,86,yes,NA,NA,NA,yes,yes,NA,NA,yes,NA,NA,NA,NA,NA,5,0,5,continuous,NA,NA,NA,NA,NA,yes,NA,NA,yes,NA,NA,NA,NA,NA,NA,NA,NA,NA,NA,4,NA,NA,NA,NA,NA,NA,NA,NA,NA,NA,na,NA,NA,NA,NA,NA,NA,NA,NA,NA,NA,NA,NA,NA,NA,NA,NA,NA,yes,NA,NA,NA,NA,NA,NA,NA,NA,NA,NA,NA,NA,NA,NA,NA,NA,NA
just,2012,european respiratory journal,22,no,yes,43615,children with persistent asthma,france,no,yes,315,yes,yes,NA,NA,NA,NA,yes,NA,yes,NA,NA,yes,NA,NA,19,NA,NA,mixed,NA,NA,yes,NA,NA,yes,NA,NA,NA,NA,NA,yes,NA,NA,NA,NA,NA,NA,NA,3,NA,yes,NA,NA,NA,NA,NA,NA,NA,NA,na,NA,NA,NA,NA,NA,NA,NA,NA,NA,NA,NA,NA,NA,NA,NA,NA,NA,NA,yes,NA,NA,NA,NA,NA,NA,NA,NA,NA,NA,NA,NA,NA,NA,yes,yes
just,2012,journal of allergy and clinical immunology,19,yes,yes,43615,children with asthma,france,na,yes,551,yes,yes,NA,NA,NA,NA,NA,NA,yes,NA,NA,NA,NA,NA,20,NA,NA,mixed,NA,NA,NA,NA,NA,NA,yes,yes,NA,NA,NA,yes,NA,NA,NA,NA,NA,NA,NA,3,NA,yes,NA,NA,NA,NA,NA,NA,NA,NA,decision tree,NA,NA,NA,NA,NA,NA,NA,NA,yes,NA,NA,NA,NA,NA,NA,NA,NA,NA,NA,NA,NA,NA,NA,NA,NA,NA,NA,NA,NA,NA,NA,NA,NA,NA,yes
just,2013,"annals of allergy, asthma and immunology",20,no,yes,43615,children with asthma,france,na,na,150,yes,yes,NA,NA,NA,NA,NA,NA,yes,NA,NA,NA,NA,NA,12,NA,NA,mixed,NA,NA,yes,NA,NA,NA,yes,yes,NA,NA,NA,yes,NA,NA,NA,NA,NA,NA,NA,4,NA,NA,NA,NA,NA,NA,NA,NA,NA,NA,na,NA,NA,NA,NA,NA,NA,NA,NA,NA,NA,NA,NA,NA,NA,NA,NA,NA,NA,NA,NA,NA,NA,NA,NA,NA,NA,NA,NA,NA,NA,NA,NA,NA,yes,NA
just,2014,journal of pediatrics,21,yes,yes,43619,children with allergic asthma,france,na,yes,125,yes,yes,NA,NA,NA,NA,NA,NA,yes,NA,NA,NA,NA,NA,18,NA,NA,mixed,NA,NA,NA,NA,NA,NA,yes,yes,NA,NA,NA,yes,NA,NA,NA,NA,NA,NA,NA,4,NA,NA,yes,NA,NA,NA,yes,NA,NA,NA,decision tree,NA,NA,NA,NA,NA,NA,NA,NA,yes,NA,NA,NA,NA,NA,NA,NA,NA,NA,NA,NA,NA,NA,NA,NA,NA,NA,NA,NA,NA,NA,NA,NA,NA,NA,NA
kaneko,2013,allergology international,23,yes,yes,43616,adults with asthma,japan,no,na,880,yes,NA,NA,NA,NA,yes,NA,NA,NA,NA,NA,NA,yes,NA,8,3,5,mixed,NA,NA,NA,yes,NA,yes,NA,NA,yes,NA,NA,yes,NA,NA,NA,NA,NA,NA,NA,6,NA,NA,NA,NA,NA,NA,NA,NA,NA,NA,decision tree,NA,NA,NA,NA,NA,NA,NA,NA,NA,yes,NA,NA,NA,NA,NA,NA,NA,yes,NA,NA,NA,NA,NA,NA,NA,NA,NA,NA,NA,NA,NA,NA,NA,NA,NA
khusial,2017,primary care respiratory medicine,24,yes,yes,43619,adults with asthma,netherlands,no,yes,611,yes,NA,NA,NA,yes,yes,NA,NA,NA,NA,yes,NA,NA,NA,14,1,13,mixed,yes,NA,NA,NA,yes,NA,NA,yes,NA,NA,NA,NA,NA,NA,NA,NA,NA,NA,NA,5,NA,NA,NA,NA,NA,NA,NA,NA,NA,NA,na,NA,NA,NA,yes,NA,yes,NA,NA,NA,NA,NA,NA,yes,NA,NA,NA,NA,NA,NA,NA,NA,NA,NA,NA,NA,NA,NA,NA,NA,NA,NA,NA,NA,NA,NA
kim,2013,european respiratory journal,25,yes,yes,43616,adults with asthma,korea,no,no,724,yes,NA,NA,NA,NA,NA,NA,NA,yes,NA,NA,NA,NA,NA,6,2,4,mixed,yes,NA,NA,NA,NA,yes,NA,NA,yes,NA,NA,yes,NA,NA,NA,NA,NA,NA,NA,4,yes,NA,NA,NA,NA,NA,NA,NA,NA,NA,na,NA,NA,NA,NA,NA,yes,NA,NA,NA,NA,NA,NA,NA,NA,NA,NA,NA,yes,NA,NA,NA,NA,NA,NA,NA,NA,NA,NA,NA,NA,NA,NA,NA,NA,yes
kim,2017,"asthma, allergy and immunology research",26,yes,yes,43621,adults with asthma,korea,yes,na,259,yes,NA,NA,NA,NA,yes,NA,NA,NA,yes,NA,NA,NA,yes,12,2,10,mixed,yes,NA,NA,yes,NA,yes,NA,NA,yes,NA,NA,yes,NA,NA,NA,NA,NA,NA,NA,4,NA,NA,NA,yes,NA,NA,NA,NA,NA,NA,discriminant analysis,NA,NA,NA,NA,NA,yes,NA,NA,NA,NA,NA,NA,NA,NA,NA,NA,NA,yes,NA,NA,NA,NA,NA,NA,NA,NA,NA,NA,NA,NA,NA,NA,NA,NA,NA
konno,2018,annals of the american thoracic society,27,yes,yes,43621,adults with severe asthma,japan,no,no,127,NA,NA,NA,NA,NA,NA,NA,NA,NA,NA,NA,NA,NA,NA,13,3,10,mixed,yes,NA,NA,yes,NA,yes,NA,yes,NA,NA,NA,yes,NA,NA,NA,NA,NA,NA,NA,5,NA,NA,NA,NA,NA,yes,NA,NA,NA,NA,stepwise discriminant analysis,NA,NA,NA,NA,NA,yes,NA,NA,NA,NA,NA,NA,NA,NA,NA,NA,NA,NA,NA,NA,NA,NA,NA,NA,NA,NA,NA,NA,NA,NA,NA,NA,NA,NA,NA
konstantellou,2015,respiratory medicine,28,yes,yes,43616,adults with asthma,greece,no,yes,170,yes,NA,NA,NA,NA,NA,NA,NA,NA,NA,NA,NA,NA,NA,NA,NA,NA,unclear,NA,NA,NA,NA,NA,yes,NA,NA,yes,NA,NA,yes,NA,yes,NA,NA,NA,NA,NA,3,NA,NA,NA,NA,NA,NA,NA,NA,NA,NA,na,NA,NA,NA,NA,NA,NA,NA,NA,NA,NA,NA,NA,NA,NA,NA,NA,NA,yes,NA,NA,NA,NA,NA,NA,NA,NA,NA,NA,NA,NA,NA,NA,NA,NA,NA
labor,2018,journal of asthma,29,yes,yes,43621,adults with asthma,croatia,no,yes,201,yes,NA,NA,NA,NA,NA,NA,NA,NA,NA,NA,NA,NA,NA,11,NA,NA,mixed,NA,NA,NA,NA,yes,NA,NA,NA,yes,NA,NA,yes,NA,NA,NA,NA,NA,NA,NA,5,NA,yes,NA,NA,NA,NA,NA,NA,NA,NA,na,NA,NA,NA,NA,NA,NA,NA,NA,NA,NA,NA,NA,NA,NA,NA,NA,NA,yes,NA,NA,NA,NA,NA,NA,NA,NA,NA,NA,NA,NA,NA,NA,NA,NA,NA
lavoie-charland,2013,open journal of respiratory diseases,30,no,yes,43616,adults with asthma,canada,no,yes,522,NA,NA,NA,NA,NA,NA,NA,yes,yes,NA,NA,NA,NA,NA,5,1,4,mixed,NA,NA,yes,yes,NA,yes,NA,NA,yes,NA,NA,NA,NA,NA,NA,NA,NA,NA,NA,4,NA,NA,NA,NA,NA,NA,NA,NA,NA,NA,na,NA,NA,NA,NA,NA,NA,NA,NA,NA,NA,NA,NA,NA,NA,NA,NA,NA,yes,NA,NA,NA,NA,NA,NA,NA,NA,NA,NA,NA,NA,NA,yes,NA,NA,NA
lee,2017,allergy: european journal of allergy and clinical immunology,31,yes,yes,43616,adults with nerd,korea,na,na,302,NA,NA,NA,NA,NA,NA,NA,NA,NA,NA,NA,NA,NA,NA,7,4,3,mixed,NA,NA,NA,NA,NA,NA,NA,NA,NA,yes,NA,NA,yes,NA,NA,NA,NA,yes,NA,4,NA,NA,NA,NA,NA,NA,NA,NA,NA,NA,decision tree,NA,NA,NA,NA,NA,yes,NA,NA,NA,NA,NA,NA,NA,NA,yes,NA,NA,NA,NA,NA,NA,NA,NA,NA,NA,NA,NA,NA,NA,NA,NA,NA,NA,NA,NA
lefaudeux,2017,journal of allergy and clinical immunology,32,yes,yes,43616,adults with asthma,europe,no,na,266,yes,NA,NA,NA,yes,NA,NA,NA,yes,NA,NA,NA,NA,yes,NA,NA,NA,continuous,NA,NA,NA,NA,yes,NA,NA,NA,NA,NA,yes,yes,NA,NA,NA,yes,NA,NA,yes,4,NA,NA,NA,NA,NA,NA,NA,NA,yes,yes,multiclass  svm,NA,NA,NA,NA,NA,NA,NA,yes,NA,NA,NA,yes,NA,NA,NA,NA,NA,NA,NA,NA,NA,NA,NA,NA,NA,NA,10,NA,"stability (consensus clustering, 'deviation from ideal stability' calinski &harabasz index)",3,NA,NA,NA,NA,yes
lemiere,2014,journal of allergy and clinical immunology,33,yes,yes,43621,adults with occupational asthma,canada,no,no,73,yes,NA,NA,NA,NA,NA,NA,NA,yes,NA,NA,yes,NA,NA,6,4,2,mixed,NA,NA,yes,NA,NA,NA,NA,NA,NA,yes,NA,NA,yes,NA,NA,NA,yes,NA,NA,3,NA,NA,NA,NA,yes,NA,NA,NA,NA,NA,na,NA,NA,NA,NA,NA,NA,NA,NA,NA,NA,NA,NA,NA,yes,NA,NA,NA,NA,NA,NA,NA,NA,NA,NA,NA,NA,NA,10% of samples,NA,NA,NA,NA,NA,NA,yes
loureiro,2015,portuguese journal of pulmonology,34,yes,yes,43616,adults with asthma,portugal,no,no,57,NA,yes,yes,NA,NA,yes,NA,NA,yes,NA,NA,NA,NA,NA,22,8,14,mixed,yes,NA,NA,yes,yes,NA,NA,yes,NA,NA,NA,yes,NA,NA,NA,NA,NA,NA,NA,5,NA,NA,yes,NA,NA,NA,NA,NA,NA,NA,na,NA,NA,NA,NA,NA,NA,NA,NA,NA,NA,NA,NA,NA,NA,NA,NA,NA,NA,NA,NA,NA,NA,NA,NA,NA,NA,NA,NA,NA,NA,NA,NA,NA,NA,yes
loza,2016,respiratory research,35,yes,yes,43616,adults with asthma,north america & western europe,yes,na,156,NA,NA,NA,NA,yes,NA,NA,NA,NA,yes,NA,NA,NA,NA,9,NA,9,continuous,NA,NA,NA,yes,yes,NA,NA,NA,NA,NA,NA,NA,NA,NA,NA,NA,NA,NA,yes,4,yes,NA,NA,NA,NA,NA,NA,NA,NA,NA,logistic regression,NA,NA,yes,NA,NA,NA,yes,NA,NA,NA,NA,NA,NA,NA,NA,NA,NA,NA,NA,yes,NA,NA,NA,NA,NA,NA,NA,NA,"maximising dunn's partition coefficient, minimizing kaufman's distance partition coefficient.",2,NA,NA,NA,NA,yes
mahut,2011,respiratory research,36,yes,yes,43616,children with asthma,france,na,na,169,yes,NA,NA,NA,yes,NA,yes,NA,NA,NA,NA,NA,NA,NA,11,2,9,mixed,NA,NA,NA,NA,NA,yes,NA,NA,yes,NA,NA,yes,NA,NA,NA,NA,NA,NA,NA,4,NA,NA,NA,NA,NA,NA,NA,NA,NA,NA,na,NA,NA,NA,NA,NA,NA,NA,NA,NA,NA,NA,NA,NA,NA,NA,NA,NA,yes,NA,NA,NA,NA,NA,NA,NA,NA,NA,NA,NA,NA,NA,NA,NA,NA,NA
meyer,2014,journal of asthma and allergy,37,yes,yes,43621,adults with asthma,switzerland,no,yes,191,NA,NA,NA,NA,NA,NA,NA,NA,NA,NA,NA,NA,NA,NA,7,NA,7,continuous,NA,NA,NA,NA,NA,yes,NA,NA,NA,NA,NA,NA,NA,NA,NA,yes,NA,NA,NA,2,NA,NA,NA,NA,NA,NA,NA,NA,NA,NA,na,NA,NA,NA,NA,NA,NA,NA,NA,NA,NA,NA,NA,NA,NA,NA,NA,NA,NA,NA,NA,yes,NA,NA,NA,NA,NA,2,NA,NA,NA,NA,yes,NA,NA,NA
meyer,2014,respiratory research,38,yes,yes,43616,adults with asthma,switzerland,no,yes,195,yes,NA,NA,NA,NA,NA,NA,NA,NA,NA,NA,NA,NA,NA,12,3,9,mixed,NA,yes,NA,NA,NA,NA,NA,NA,NA,yes,NA,NA,NA,NA,NA,yes,NA,NA,NA,7,NA,NA,NA,NA,NA,NA,NA,NA,NA,NA,na,NA,NA,NA,NA,NA,yes,NA,NA,NA,NA,NA,NA,NA,NA,yes,NA,NA,NA,NA,NA,NA,NA,NA,NA,NA,NA,8,NA,NA,NA,NA,NA,NA,NA,NA
moore,2010,american journal of respiratory and critical care medicine,39,yes,yes,43616,adults with asthma,usa,yes,na,726,NA,yes,NA,NA,NA,NA,NA,NA,NA,NA,NA,yes,NA,NA,34,23,11,mixed,NA,NA,NA,NA,NA,yes,NA,yes,NA,NA,NA,yes,NA,NA,NA,NA,NA,NA,NA,5,NA,NA,NA,NA,NA,NA,NA,NA,NA,NA,stepwise descriminant analysis and decision tree,NA,NA,NA,NA,NA,NA,NA,NA,NA,NA,NA,NA,NA,NA,NA,NA,NA,NA,NA,NA,NA,NA,NA,NA,NA,NA,NA,NA,NA,NA,NA,NA,NA,NA,NA
moore,2014,journal of allergy and clinical immunology,40,yes,yes,43616,adults with asthma,usa,na,na,423,NA,NA,NA,NA,NA,NA,NA,yes,NA,yes,NA,NA,NA,NA,15,5,10,mixed,NA,NA,NA,yes,NA,yes,NA,yes,NA,NA,NA,yes,NA,NA,NA,NA,NA,NA,NA,4,NA,NA,NA,NA,NA,NA,NA,NA,NA,NA,na,NA,NA,NA,NA,NA,NA,NA,NA,NA,NA,NA,NA,NA,NA,NA,NA,NA,NA,NA,NA,NA,NA,NA,NA,NA,NA,NA,NA,NA,NA,NA,NA,NA,NA,NA
newby,2014,plos one,41,yes,yes,43616,adults with refractory asthma,uk,no,na,349,NA,NA,NA,NA,NA,NA,NA,NA,NA,NA,yes,yes,NA,yes,5,5,0,continuous,NA,NA,NA,NA,NA,yes,NA,NA,NA,yes,NA,NA,yes,NA,NA,yes,NA,NA,NA,5,NA,NA,NA,yes,NA,NA,NA,NA,NA,NA,classifier not specified,NA,NA,NA,NA,NA,NA,NA,NA,NA,NA,NA,NA,NA,NA,NA,NA,NA,NA,NA,NA,NA,NA,NA,NA,NA,NA,15,NA,NA,NA,NA,NA,NA,NA,yes
park,2015,"annals of allergy, asthma and immunology",42,yes,yes,43616,elderly adults with asthma,korea,no,na,872,NA,NA,NA,NA,NA,NA,NA,NA,NA,NA,NA,NA,NA,NA,9,4,5,mixed,NA,NA,NA,NA,NA,yes,NA,NA,yes,NA,NA,NA,NA,NA,NA,NA,NA,NA,NA,4,NA,NA,NA,NA,NA,NA,NA,NA,NA,NA,decision tree,NA,NA,NA,NA,NA,yes,NA,NA,NA,NA,NA,NA,NA,NA,NA,NA,NA,yes,NA,NA,NA,NA,NA,NA,NA,NA,NA,NA,NA,NA,NA,NA,NA,NA,NA
patrawalla,2012,plos one,43,yes,yes,43616,adults with asthma,usa,yes,yes,471,NA,NA,NA,NA,NA,NA,NA,NA,NA,NA,NA,NA,NA,NA,27,15,12,mixed,NA,NA,yes,NA,NA,yes,NA,yes,NA,NA,NA,NA,NA,NA,NA,NA,NA,NA,NA,5,NA,NA,NA,NA,NA,NA,NA,NA,NA,NA,na,NA,NA,NA,NA,NA,NA,NA,NA,NA,NA,NA,NA,NA,NA,NA,NA,NA,NA,NA,NA,NA,NA,NA,NA,NA,NA,NA,NA,NA,NA,NA,NA,NA,NA,NA
perez-losada,2018,microbiome,44,no,yes,43621,children with asthma,usa,na,yes,163,yes,yes,NA,NA,yes,NA,yes,NA,NA,NA,NA,NA,NA,NA,6,1,5,mixed,yes,NA,NA,NA,NA,yes,NA,NA,yes,NA,NA,NA,NA,NA,NA,NA,yes,NA,NA,3,NA,NA,NA,NA,NA,NA,yes,NA,NA,NA,na,NA,NA,NA,NA,NA,yes,NA,NA,NA,NA,NA,NA,NA,NA,NA,NA,NA,yes,NA,NA,NA,NA,NA,NA,NA,NA,NA,one cluster deleted as only contained one sample,NA,NA,NA,NA,NA,NA,NA
qiu,2018,journal of allergy and clinical immunology: in practice,45,yes,yes,43621,adults with acute exacerbation,china,no,yes,218,yes,yes,NA,NA,NA,NA,NA,yes,NA,NA,yes,yes,NA,NA,13,2,11,mixed,NA,NA,NA,NA,NA,yes,NA,yes,NA,NA,NA,NA,NA,NA,NA,NA,NA,NA,NA,4,NA,NA,yes,NA,NA,NA,NA,yes,NA,NA,stepwise discriminant analysis,NA,NA,NA,NA,NA,yes,NA,NA,NA,NA,NA,NA,NA,NA,NA,NA,NA,NA,NA,NA,NA,NA,NA,NA,NA,NA,NA,NA,NA,NA,NA,NA,NA,NA,yes
ruggieri,2017,pediatric allergy and immunology,46,yes,yes,43616,children with asthma,italy & malta,na,na,125,yes,NA,NA,NA,NA,NA,NA,NA,yes,NA,NA,NA,NA,NA,2,1,1,mixed,NA,NA,NA,yes,NA,NA,NA,NA,NA,yes,NA,NA,NA,NA,NA,NA,NA,NA,NA,3,NA,NA,NA,NA,NA,NA,NA,NA,NA,NA,na,NA,NA,NA,NA,NA,yes,NA,NA,NA,NA,NA,NA,NA,NA,yes,NA,NA,NA,NA,NA,NA,NA,NA,NA,NA,NA,NA,NA,NA,NA,NA,NA,NA,NA,NA
sakagami,2014,journal of asthma,47,yes,yes,43616,adults with asthma,japan,yes,na,86,NA,NA,NA,NA,NA,NA,NA,NA,NA,NA,NA,NA,NA,NA,8,1,7,mixed,NA,NA,NA,NA,NA,yes,NA,yes,NA,NA,NA,yes,NA,NA,NA,NA,NA,NA,NA,3,NA,NA,NA,NA,NA,NA,NA,NA,NA,NA,decision tree,yes,NA,NA,NA,NA,yes,NA,NA,NA,NA,NA,NA,NA,NA,NA,NA,NA,NA,NA,NA,NA,NA,NA,NA,NA,NA,NA,NA,NA,NA,NA,NA,NA,NA,NA
schatz,2014,journal of allergy and clinical immunology,48,yes,yes,43616,adults with asthma,usa,no,na,3612,yes,NA,NA,NA,NA,NA,NA,yes,yes,NA,NA,yes,NA,NA,11,6,5,mixed,NA,yes,NA,NA,NA,yes,NA,yes,NA,NA,NA,yes,NA,NA,yes,NA,NA,NA,yes,5,NA,NA,NA,NA,NA,NA,NA,NA,NA,NA,na,NA,NA,NA,NA,NA,yes,NA,NA,NA,NA,NA,NA,NA,NA,NA,NA,NA,NA,NA,NA,NA,NA,NA,NA,NA,NA,NA,NA,"ccc, pseudo-f statistic, pseudo-t2 statistic",3,NA,NA,NA,NA,NA
seino,2018,internal medicine,49,yes,yes,43616,adults with asthma and depressive symptoms,japan,no,na,95,NA,NA,NA,NA,NA,NA,NA,NA,NA,yes,NA,NA,NA,NA,14,8,6,mixed,yes,NA,NA,NA,NA,yes,NA,yes,NA,NA,NA,yes,NA,NA,NA,NA,NA,NA,NA,3,NA,NA,NA,NA,NA,NA,NA,NA,NA,NA,na,yes,NA,NA,NA,NA,NA,NA,NA,NA,NA,NA,NA,NA,NA,NA,NA,NA,NA,NA,NA,NA,NA,NA,NA,NA,NA,NA,NA,NA,NA,NA,NA,NA,NA,NA
sekiya,2016,clinical and experimental allergy,50,yes,yes,43616,adults with severe or life-threatening exacerbation,japan,no,no,175,yes,yes,NA,NA,NA,NA,NA,NA,yes,NA,NA,yes,NA,NA,24,21,3,mixed,NA,NA,yes,NA,NA,NA,yes,NA,NA,NA,yes,NA,NA,NA,NA,NA,NA,yes,NA,5,NA,yes,NA,NA,NA,NA,NA,NA,NA,NA,decision tree,NA,NA,NA,NA,NA,NA,NA,NA,NA,NA,NA,NA,NA,NA,NA,NA,NA,NA,NA,NA,NA,NA,NA,NA,NA,NA,NA,NA,NA,NA,NA,NA,NA,NA,yes
sendin-hernandez,2018,journal of allergy and clinical immunology: in practice,51,yes,yes,43621,adults and adolescents with allergic asthma,spain,no,yes,225,yes,yes,NA,NA,NA,NA,NA,NA,yes,NA,NA,yes,NA,NA,NA,NA,NA,continuous,NA,NA,NA,NA,NA,yes,NA,NA,yes,NA,NA,yes,NA,NA,NA,NA,NA,NA,NA,3,NA,NA,NA,NA,NA,NA,NA,NA,NA,NA,na,NA,yes,NA,NA,yes,NA,NA,NA,NA,NA,NA,NA,NA,NA,NA,NA,NA,yes,NA,NA,NA,NA,NA,NA,NA,NA,NA,NA,NA,NA,NA,NA,NA,NA,NA
serrano-pariente,2015,allergy: european journal of allergy and clinical immunology,52,yes,yes,43616,adults with life-threatening exacerbation,spain,no,yes,84,yes,yes,NA,NA,NA,NA,NA,NA,yes,NA,NA,NA,NA,NA,44,NA,NA,mixed,yes,NA,NA,NA,NA,NA,NA,NA,NA,yes,NA,NA,NA,NA,NA,NA,NA,NA,NA,3,NA,NA,NA,NA,NA,NA,NA,NA,NA,NA,na,NA,NA,NA,NA,NA,NA,NA,NA,NA,NA,NA,NA,NA,NA,yes,NA,NA,yes,NA,NA,NA,NA,NA,NA,NA,NA,NA,NA,NA,NA,NA,NA,NA,NA,NA
su,2018,allergy: european journal of allergy and clinical immunology,53,yes,yes,43621,children with asthma,taiwan,na,na,351,NA,NA,NA,NA,NA,NA,NA,NA,yes,NA,NA,NA,NA,NA,12,NA,12,continuous,NA,NA,NA,NA,NA,yes,NA,NA,yes,NA,NA,NA,NA,NA,NA,yes,NA,yes,NA,5,NA,NA,NA,yes,NA,NA,NA,NA,yes,NA,na,NA,NA,NA,NA,NA,NA,NA,NA,NA,yes,NA,NA,NA,NA,NA,NA,NA,NA,NA,NA,NA,NA,NA,NA,NA,NA,10,NA,NA,NA,NA,NA,NA,NA,yes
sutherland,2012,plos one,55,yes,yes,43619,adults with persistent asthma,usa,na,na,250,NA,NA,NA,NA,NA,NA,NA,NA,NA,NA,NA,NA,NA,NA,21,2,19,mixed,NA,NA,yes,yes,NA,yes,NA,yes,NA,NA,NA,NA,NA,NA,NA,NA,NA,NA,NA,4,NA,NA,NA,NA,NA,NA,NA,NA,NA,NA,discriminant analysis,NA,NA,NA,NA,NA,yes,NA,NA,NA,NA,NA,NA,NA,NA,NA,NA,NA,NA,NA,NA,NA,NA,NA,NA,NA,NA,NA,NA,NA,NA,NA,NA,NA,NA,NA
tsukioka,2017,allergology international,56,yes,yes,43621,athletes with asthma,japan,yes,na,104,NA,NA,NA,NA,NA,yes,NA,NA,NA,NA,NA,NA,NA,NA,4,0,4,continuous,NA,NA,NA,yes,NA,yes,NA,yes,NA,NA,NA,yes,NA,NA,NA,NA,NA,NA,NA,3,NA,NA,NA,NA,NA,NA,NA,NA,NA,NA,decision tree,NA,NA,NA,NA,NA,NA,NA,NA,NA,NA,NA,NA,NA,NA,NA,NA,NA,NA,NA,NA,NA,NA,NA,NA,NA,NA,NA,NA,NA,NA,NA,NA,NA,NA,NA
ueno,2019,asian pacific journal of allergy and immunology,57,yes,no,43622,adults with recent exacerbation,japan,no,no,100,yes,NA,NA,NA,NA,NA,NA,NA,NA,NA,NA,NA,NA,NA,NA,NA,NA,mixed,NA,NA,NA,NA,NA,yes,NA,yes,NA,NA,NA,NA,NA,NA,NA,NA,NA,NA,NA,3,NA,NA,NA,NA,NA,NA,NA,NA,NA,NA,decision tree,NA,NA,NA,NA,NA,NA,NA,NA,NA,NA,NA,NA,NA,NA,NA,NA,NA,NA,NA,NA,NA,NA,NA,NA,NA,NA,NA,NA,NA,NA,NA,NA,NA,NA,NA
wang,2017,"annals of allergy, asthma and immunology",58,yes,yes,43619,adults with asthma,china,no,yes,284,yes,yes,NA,yes,yes,NA,NA,NA,NA,NA,NA,NA,NA,NA,10,5,5,mixed,yes,NA,NA,NA,NA,NA,NA,NA,NA,NA,NA,NA,NA,NA,NA,yes,NA,NA,NA,5,NA,NA,NA,NA,NA,NA,NA,NA,NA,NA,na,NA,NA,NA,NA,NA,yes,NA,NA,NA,NA,NA,NA,NA,yes,NA,NA,NA,NA,NA,NA,NA,NA,NA,NA,NA,yes,6,NA,NA,NA,NA,yes,NA,NA,NA
wu,2014,journal of allergy and clinical immunology,59,yes,yes,43619,adults with asthma,usa,yes,na,378,NA,NA,NA,NA,NA,NA,NA,NA,NA,NA,yes,yes,NA,NA,120,69,51,mixed,yes,NA,NA,yes,yes,NA,NA,NA,yes,NA,NA,NA,NA,NA,NA,yes,NA,yes,NA,6,NA,yes,NA,NA,NA,NA,NA,NA,NA,NA,multiclass  svm,NA,NA,NA,NA,NA,yes,NA,NA,NA,NA,NA,NA,NA,NA,NA,NA,NA,NA,NA,NA,NA,NA,NA,NA,NA,NA,7,NA,NA,NA,NA,NA,NA,NA,yes
wu,2019,american journal of respiratory and critical care medicine,60,yes,no,43622,adults with asthma,usa,na,na,346,NA,NA,NA,NA,NA,NA,NA,NA,NA,NA,yes,yes,NA,NA,100,38,62,mixed,yes,NA,NA,yes,NA,yes,NA,NA,NA,NA,NA,NA,NA,NA,NA,NA,NA,NA,NA,4,NA,NA,NA,yes,NA,NA,NA,NA,NA,NA,multiclass  svm,NA,NA,NA,NA,NA,yes,NA,NA,NA,NA,NA,NA,NA,NA,NA,NA,NA,NA,NA,NA,NA,NA,yes,NA,NA,NA,NA,NA,NA,NA,yes,NA,NA,NA,yes
ye,2017,journal of thoracic disease,61,yes,yes,43619,adults nd adolescents with moderate-to-severe asthma,china,no,yes,203,yes,yes,NA,NA,NA,NA,NA,NA,yes,NA,NA,NA,NA,NA,21,NA,NA,mixed,NA,NA,NA,yes,NA,yes,NA,NA,NA,NA,NA,NA,NA,NA,NA,NA,NA,NA,NA,4,NA,NA,NA,NA,NA,NA,NA,NA,NA,NA,na,NA,NA,NA,NA,NA,NA,NA,NA,NA,NA,NA,NA,NA,NA,NA,NA,NA,NA,NA,NA,NA,NA,NA,yes,NA,NA,NA,NA,NA,NA,NA,NA,NA,NA,NA
youroukova,2017,folia medica,62,yes,yes,43622,adults with moderate-to-severe asthma,bulgaria,no,yes,40,yes,NA,NA,NA,NA,yes,NA,NA,NA,NA,NA,NA,NA,NA,NA,NA,NA,unclear,yes,NA,NA,NA,yes,NA,NA,NA,yes,NA,NA,yes,NA,NA,NA,NA,NA,NA,NA,4,NA,NA,NA,NA,NA,NA,NA,NA,NA,NA,na,NA,NA,NA,NA,NA,NA,NA,NA,NA,NA,NA,NA,NA,NA,NA,NA,NA,yes,NA,NA,NA,NA,NA,NA,NA,NA,NA,NA,NA,NA,NA,NA,NA,NA,NA
zaihra,2016,bmc pulmonary medicine,63,yes,yes,43619,adults with moderate-to-severe asthma,canada,yes,yes,125,NA,NA,NA,NA,NA,NA,NA,NA,NA,NA,yes,NA,NA,NA,4,0,4,continuous,NA,NA,NA,NA,NA,yes,NA,NA,yes,NA,NA,NA,NA,yes,NA,NA,NA,NA,NA,4,NA,NA,NA,NA,NA,yes,NA,NA,NA,NA,na,NA,NA,NA,NA,NA,NA,NA,NA,NA,NA,NA,NA,NA,NA,NA,NA,NA,NA,NA,NA,NA,NA,NA,NA,NA,NA,NA,NA,NA,NA,NA,NA,NA,NA,yes
zoratti,2016,journal of allergy and clinical immunology,64,yes,yes,43619,children with asthma,usa,na,na,616,NA,NA,NA,NA,NA,yes,NA,NA,NA,NA,yes,NA,NA,NA,79,NA,NA,mixed,NA,NA,NA,yes,NA,NA,NA,yes,NA,NA,NA,yes,NA,NA,NA,NA,NA,NA,NA,5,NA,NA,NA,NA,NA,NA,NA,NA,NA,NA,boruta feature selection algorithm,NA,NA,NA,NA,NA,NA,NA,NA,NA,NA,NA,NA,NA,NA,NA,NA,yes,NA,NA,NA,NA,NA,NA,NA,NA,NA,NA,NA,NA,NA,NA,NA,NA,NA,NA
